"SumScore","Theta","ScaleScore","AchievementLevel"
31,3.5727,355,"Advanced"
30,2.9463,335,"Advanced"
29,2.3199,315,"Advanced"
28,1.9334,303,"Advanced"
27,1.6405,293,"Advanced"
26,1.398,286,"Advanced"
25,1.1863,279,"Proficient"
24,0.995000000000001,273,"Proficient"
23,0.817300000000001,267,"Proficient"
22,0.648800000000001,262,"Proficient"
21,0.4863,256,"Proficient"
20,0.327500000000001,251,"Proficient"
19,0.1698,246,"Basic"
18,0.0113000000000003,241,"Basic"
17,-0.1502,236,"Basic"
16,-0.317299999999999,231,"Basic"
15,-0.492599999999999,225,"Basic"
14,-0.6793,219,"Basic"
13,-0.881399999999999,213,"Below Basic"
12,-1.1042,206,"Below Basic"
11,-1.3557,198,"Below Basic"
10,-1.6489,188,"Below Basic"
9,-2.0079,177,"Below Basic"
8,-2.4804,162,"Below Basic"
7,-3.1762,140,"Below Basic"
6,-4.4845,98,"Below Basic"
5,-5.7928,56,"Below Basic"
4,-5.7928,56,"Below Basic"
3,-5.7928,56,"Below Basic"
2,-5.7928,56,"Below Basic"
1,-5.7928,56,"Below Basic"
0,-5.7928,56,"Below Basic"
